{
  "accuracy": 0.8151658767772512,
  "precision": 0.7254901960784313,
  "recall": 0.5967741935483871,
  "f1": 0.6548672566371682,
  "specificity": 0.9060402684563759,
  "roc_auc": 0.8637421519809482,
  "confusion_matrix": [
    [
      270,
      28
    ],
    [
      50,
      74
    ]
  ]
}