{
  "accuracy": 0.7916666666666666,
  "precision": 0.8181818181818182,
  "recall": 0.75,
  "f1": 0.782608695652174,
  "specificity": 0.8333333333333334,
  "roc_auc": 0.8541666666666667,
  "confusion_matrix": [
    [
      10,
      2
    ],
    [
      3,
      9
    ]
  ]
}