{
  "accuracy": 0.8033175355450237,
  "precision": 0.7070707070707071,
  "recall": 0.5645161290322581,
  "f1": 0.6278026905829597,
  "specificity": 0.9026845637583892,
  "roc_auc": 0.8123646893266941,
  "confusion_matrix": [
    [
      269,
      29
    ],
    [
      54,
      70
    ]
  ]
}