{
  "accuracy": 0.8270142180094787,
  "precision": 0.7628865979381443,
  "recall": 0.5967741935483871,
  "f1": 0.669683257918552,
  "specificity": 0.9228187919463087,
  "roc_auc": 0.8883957566572851,
  "confusion_matrix": [
    [
      275,
      23
    ],
    [
      50,
      74
    ]
  ]
}