{
  "accuracy": 0.9166666666666666,
  "precision": 0.8571428571428571,
  "recall": 1.0,
  "f1": 0.9230769230769231,
  "specificity": 0.8333333333333334,
  "roc_auc": 0.8611111111111112,
  "confusion_matrix": [
    [
      5,
      1
    ],
    [
      0,
      6
    ]
  ]
}