{
  "accuracy": 0.8080568720379147,
  "precision": 0.7471264367816092,
  "recall": 0.5241935483870968,
  "f1": 0.6161137440758294,
  "specificity": 0.9261744966442953,
  "roc_auc": 0.8779497726780688,
  "confusion_matrix": [
    [
      276,
      22
    ],
    [
      59,
      65
    ]
  ]
}