{
  "accuracy": 0.785,
  "precision": 0.8064516129032258,
  "recall": 0.75,
  "f1": 0.7772020725388601,
  "specificity": 0.82,
  "roc_auc": 0.87105,
  "confusion_matrix": [
    [
      82,
      18
    ],
    [
      25,
      75
    ]
  ]
}