{
  "accuracy": 0.715,
  "precision": 0.6869565217391305,
  "recall": 0.79,
  "f1": 0.7348837209302326,
  "specificity": 0.64,
  "roc_auc": 0.80465,
  "confusion_matrix": [
    [
      64,
      36
    ],
    [
      21,
      79
    ]
  ]
}