{
  "accuracy": 0.625,
  "precision": 0.6666666666666666,
  "recall": 0.5,
  "f1": 0.5714285714285714,
  "specificity": 0.75,
  "roc_auc": 0.7569444444444444,
  "confusion_matrix": [
    [
      9,
      3
    ],
    [
      6,
      6
    ]
  ]
}