{
  "accuracy": 0.625,
  "precision": 0.6363636363636364,
  "recall": 0.5833333333333334,
  "f1": 0.6086956521739131,
  "specificity": 0.6666666666666666,
  "roc_auc": 0.7777777777777778,
  "confusion_matrix": [
    [
      8,
      4
    ],
    [
      5,
      7
    ]
  ]
}