,Accuracy (%),AUC (%),Sensitivity (%),Specificity (%)
SVM (RBF),79.625,86.28757728217067,87.04663212435233,72.70531400966183
SVM (Sigmoid),64.875,68.83619934419663,67.35751295336787,62.56038647342995
SVM (Poly),73.75,81.2088558484143,95.33678756476684,53.62318840579711
KNN,75.5,81.80051813471503,87.04663212435233,64.73429951690821
MLP,78.0,85.53728317188556,81.86528497409327,74.39613526570048
RF,78.5,86.57136241896323,87.04663212435233,70.53140096618358
