{
  "accuracy": 0.7938388625592417,
  "precision": 0.7126436781609196,
  "recall": 0.5,
  "f1": 0.5876777251184834,
  "specificity": 0.9161073825503355,
  "roc_auc": 0.8216199393808183,
  "confusion_matrix": [
    [
      273,
      25
    ],
    [
      62,
      62
    ]
  ]
}