{
  "accuracy": 0.8033175355450237,
  "precision": 0.7252747252747253,
  "recall": 0.532258064516129,
  "f1": 0.6139534883720931,
  "specificity": 0.9161073825503355,
  "roc_auc": 0.8533232301363931,
  "confusion_matrix": [
    [
      273,
      25
    ],
    [
      58,
      66
    ]
  ]
}