{
  "accuracy": 0.6666666666666666,
  "precision": 0.75,
  "recall": 0.5,
  "f1": 0.6,
  "specificity": 0.8333333333333334,
  "roc_auc": 0.8055555555555556,
  "confusion_matrix": [
    [
      5,
      1
    ],
    [
      3,
      3
    ]
  ]
}