{
  "accuracy": 0.7819905213270142,
  "precision": 0.6403508771929824,
  "recall": 0.5887096774193549,
  "f1": 0.6134453781512605,
  "specificity": 0.8624161073825504,
  "roc_auc": 0.8030553150032474,
  "confusion_matrix": [
    [
      257,
      41
    ],
    [
      51,
      73
    ]
  ]
}