{
  "accuracy": 0.8246445497630331,
  "precision": 0.7450980392156863,
  "recall": 0.6129032258064516,
  "f1": 0.672566371681416,
  "specificity": 0.912751677852349,
  "roc_auc": 0.8686133362199611,
  "confusion_matrix": [
    [
      272,
      26
    ],
    [
      48,
      76
    ]
  ]
}