{
  "accuracy": 0.8033175355450237,
  "precision": 0.7204301075268817,
  "recall": 0.5403225806451613,
  "f1": 0.6175115207373272,
  "specificity": 0.912751677852349,
  "roc_auc": 0.841875947174713,
  "confusion_matrix": [
    [
      272,
      26
    ],
    [
      57,
      67
    ]
  ]
}