{
  "accuracy": 0.8151658767772512,
  "precision": 0.6982758620689655,
  "recall": 0.6532258064516129,
  "f1": 0.675,
  "specificity": 0.8825503355704698,
  "roc_auc": 0.8804124269322364,
  "confusion_matrix": [
    [
      263,
      35
    ],
    [
      43,
      81
    ]
  ]
}