{
  "accuracy": 0.75,
  "precision": 0.8,
  "recall": 0.6666666666666666,
  "f1": 0.7272727272727273,
  "specificity": 0.8333333333333334,
  "roc_auc": 0.7916666666666666,
  "confusion_matrix": [
    [
      5,
      1
    ],
    [
      2,
      4
    ]
  ]
}