{
  "accuracy": 0.815,
  "precision": 0.8181818181818182,
  "recall": 0.81,
  "f1": 0.8140703517587939,
  "specificity": 0.82,
  "roc_auc": 0.8771,
  "confusion_matrix": [
    [
      82,
      18
    ],
    [
      19,
      81
    ]
  ]
}