{
  "accuracy": 0.77,
  "precision": 0.7872340425531915,
  "recall": 0.74,
  "f1": 0.7628865979381443,
  "specificity": 0.8,
  "roc_auc": 0.8552,
  "confusion_matrix": [
    [
      80,
      20
    ],
    [
      26,
      74
    ]
  ]
}