{
  "accuracy": 0.8483412322274881,
  "precision": 0.8191489361702128,
  "recall": 0.6209677419354839,
  "f1": 0.7064220183486238,
  "specificity": 0.9429530201342282,
  "roc_auc": 0.9262556830482789,
  "confusion_matrix": [
    [
      281,
      17
    ],
    [
      47,
      77
    ]
  ]
}