{
  "accuracy": 0.8364928909952607,
  "precision": 0.7477477477477478,
  "recall": 0.6693548387096774,
  "f1": 0.7063829787234043,
  "specificity": 0.9060402684563759,
  "roc_auc": 0.8876109547521109,
  "confusion_matrix": [
    [
      270,
      28
    ],
    [
      41,
      83
    ]
  ]
}