{
  "accuracy": 0.795,
  "precision": 0.7864077669902912,
  "recall": 0.81,
  "f1": 0.7980295566502463,
  "specificity": 0.78,
  "roc_auc": 0.8796,
  "confusion_matrix": [
    [
      78,
      22
    ],
    [
      19,
      81
    ]
  ]
}