{
  "accuracy": 0.7938388625592417,
  "precision": 0.7466666666666667,
  "recall": 0.45161290322580644,
  "f1": 0.5628140703517588,
  "specificity": 0.9362416107382551,
  "roc_auc": 0.8584109114526954,
  "confusion_matrix": [
    [
      279,
      19
    ],
    [
      68,
      56
    ]
  ]
}