{
  "accuracy": 0.8104265402843602,
  "precision": 0.7558139534883721,
  "recall": 0.5241935483870968,
  "f1": 0.6190476190476191,
  "specificity": 0.9295302013422819,
  "roc_auc": 0.8562188785451398,
  "confusion_matrix": [
    [
      277,
      21
    ],
    [
      59,
      65
    ]
  ]
}