{
  "accuracy": 0.7843601895734598,
  "precision": 0.6542056074766355,
  "recall": 0.5645161290322581,
  "f1": 0.6060606060606061,
  "specificity": 0.8758389261744967,
  "roc_auc": 0.8054097207187703,
  "confusion_matrix": [
    [
      261,
      37
    ],
    [
      54,
      70
    ]
  ]
}