{
  "accuracy": 0.8333333333333334,
  "precision": 0.8333333333333334,
  "recall": 0.8333333333333334,
  "f1": 0.8333333333333334,
  "specificity": 0.8333333333333334,
  "roc_auc": 0.888888888888889,
  "confusion_matrix": [
    [
      5,
      1
    ],
    [
      1,
      5
    ]
  ]
}