{
  "accuracy": 0.8333333333333334,
  "precision": 0.75,
  "recall": 1.0,
  "f1": 0.8571428571428571,
  "specificity": 0.6666666666666666,
  "roc_auc": 0.888888888888889,
  "confusion_matrix": [
    [
      4,
      2
    ],
    [
      0,
      6
    ]
  ]
}