{
  "accuracy": 0.5833333333333334,
  "precision": 0.6666666666666666,
  "recall": 0.3333333333333333,
  "f1": 0.4444444444444444,
  "specificity": 0.8333333333333334,
  "roc_auc": 0.5555555555555556,
  "confusion_matrix": [
    [
      5,
      1
    ],
    [
      4,
      2
    ]
  ]
}