{
  "accuracy": 0.795,
  "precision": 0.8172043010752689,
  "recall": 0.76,
  "f1": 0.7875647668393783,
  "specificity": 0.83,
  "roc_auc": 0.8734000000000001,
  "confusion_matrix": [
    [
      83,
      17
    ],
    [
      24,
      76
    ]
  ]
}