{
  "accuracy": 0.8127962085308057,
  "precision": 0.6923076923076923,
  "recall": 0.6532258064516129,
  "f1": 0.6721991701244814,
  "specificity": 0.8791946308724832,
  "roc_auc": 0.8703723749729378,
  "confusion_matrix": [
    [
      262,
      36
    ],
    [
      43,
      81
    ]
  ]
}