{
  "accuracy": 0.8033175355450237,
  "precision": 0.7971014492753623,
  "recall": 0.4435483870967742,
  "f1": 0.5699481865284974,
  "specificity": 0.9530201342281879,
  "roc_auc": 0.8517536263260447,
  "confusion_matrix": [
    [
      284,
      14
    ],
    [
      69,
      55
    ]
  ]
}