{
  "accuracy": 0.8056872037914692,
  "precision": 0.71,
  "recall": 0.5725806451612904,
  "f1": 0.6339285714285714,
  "specificity": 0.9026845637583892,
  "roc_auc": 0.8580049794327778,
  "confusion_matrix": [
    [
      269,
      29
    ],
    [
      53,
      71
    ]
  ]
}