{
  "accuracy": 0.5833333333333334,
  "precision": 0.6,
  "recall": 0.5,
  "f1": 0.5454545454545454,
  "specificity": 0.6666666666666666,
  "roc_auc": 0.6388888888888888,
  "confusion_matrix": [
    [
      4,
      2
    ],
    [
      3,
      3
    ]
  ]
}