{
  "accuracy": 0.8293838862559242,
  "precision": 0.8333333333333334,
  "recall": 0.5241935483870968,
  "f1": 0.6435643564356436,
  "specificity": 0.9563758389261745,
  "roc_auc": 0.9074610305260878,
  "confusion_matrix": [
    [
      285,
      13
    ],
    [
      59,
      65
    ]
  ]
}