{
  "accuracy": 0.7985781990521327,
  "precision": 0.6788990825688074,
  "recall": 0.5967741935483871,
  "f1": 0.6351931330472103,
  "specificity": 0.8825503355704698,
  "roc_auc": 0.852538428231219,
  "confusion_matrix": [
    [
      263,
      35
    ],
    [
      50,
      74
    ]
  ]
}