{
  "accuracy": 0.8127962085308057,
  "precision": 0.6991150442477876,
  "recall": 0.6370967741935484,
  "f1": 0.6666666666666666,
  "specificity": 0.8859060402684564,
  "roc_auc": 0.8602240744749946,
  "confusion_matrix": [
    [
      264,
      34
    ],
    [
      45,
      79
    ]
  ]
}