{
  "accuracy": 0.8127962085308057,
  "precision": 0.7064220183486238,
  "recall": 0.6209677419354839,
  "f1": 0.6609442060085837,
  "specificity": 0.8926174496644296,
  "roc_auc": 0.8614959948040701,
  "confusion_matrix": [
    [
      266,
      32
    ],
    [
      47,
      77
    ]
  ]
}