,Accuracy (%),AUC ROC (%),Sensitivity (%),Specificity (%),Precision (%),F1 Score (%),Total Features,Selected Features,Feature Reduction (%)
Random Forest,58.333333333333336,68.05555555555556,83.33333333333334,33.33333333333333,55.55555555555556,66.66666666666666,100,100,73.61477572559367
SVM (RBF),83.33333333333334,88.8888888888889,100.0,66.66666666666666,75.0,85.71428571428571,100,100,73.61477572559367
SVM (Linear),75.0,86.11111111111111,100.0,50.0,66.66666666666666,80.0,100,100,73.61477572559367
KNN,75.0,69.44444444444444,100.0,50.0,66.66666666666666,80.0,100,100,73.61477572559367
MLP,75.0,66.66666666666667,100.0,50.0,66.66666666666666,80.0,100,100,73.61477572559367
Gradient Boosting,83.33333333333334,94.44444444444444,100.0,66.66666666666666,75.0,85.71428571428571,100,100,73.61477572559367
Logistic Regression,75.0,72.22222222222223,100.0,50.0,66.66666666666666,80.0,100,100,73.61477572559367
XGBoost,58.333333333333336,80.55555555555556,83.33333333333334,33.33333333333333,55.55555555555556,66.66666666666666,100,100,73.61477572559367
