,Accuracy (%),AUC ROC (%),Sensitivity (%),Specificity (%),Precision (%),F1 Score (%),Total Features,Selected Features,Feature Reduction (%)
Random Forest,83.33333333333334,88.8888888888889,83.33333333333334,83.33333333333334,83.33333333333334,83.33333333333334,100,100,73.61477572559367
SVM (RBF),91.66666666666666,88.8888888888889,100.0,83.33333333333334,85.71428571428571,92.3076923076923,100,100,73.61477572559367
SVM (Linear),75.0,86.11111111111111,83.33333333333334,66.66666666666666,71.42857142857143,76.92307692307693,100,100,73.61477572559367
KNN,83.33333333333334,81.94444444444444,100.0,66.66666666666666,75.0,85.71428571428571,100,100,73.61477572559367
MLP,91.66666666666666,86.11111111111111,100.0,83.33333333333334,85.71428571428571,92.3076923076923,100,100,73.61477572559367
Gradient Boosting,83.33333333333334,87.5,83.33333333333334,83.33333333333334,83.33333333333334,83.33333333333334,100,100,73.61477572559367
Logistic Regression,83.33333333333334,91.66666666666667,83.33333333333334,83.33333333333334,83.33333333333334,83.33333333333334,100,100,73.61477572559367
XGBoost,83.33333333333334,94.44444444444444,83.33333333333334,83.33333333333334,83.33333333333334,83.33333333333334,100,100,73.61477572559367
