,Accuracy (%),AUC ROC (%),Sensitivity (%),Specificity (%),Precision (%),F1 Score (%),Total Features,Selected Features,Feature Reduction (%)
Random Forest,80.33175355450237,85.17536263260446,44.354838709677416,95.30201342281879,79.71014492753623,56.994818652849744,100,100,73.61477572559367
SVM (RBF),79.38388625592417,85.84109114526954,45.16129032258064,93.6241610738255,74.66666666666667,56.28140703517588,100,100,73.61477572559367
SVM (Linear),81.27962085308057,86.02240744749946,63.70967741935484,88.59060402684564,69.91150442477876,66.66666666666666,100,100,73.61477572559367
KNN,78.43601895734598,80.54097207187702,56.451612903225815,87.58389261744966,65.42056074766354,60.60606060606061,100,100,73.61477572559367
MLP,83.64928909952607,88.76109547521109,66.93548387096774,90.60402684563759,74.77477477477478,70.63829787234043,100,100,73.61477572559367
Gradient Boosting,80.80568720379146,87.79497726780689,52.41935483870967,92.61744966442953,74.71264367816092,61.61137440758294,100,100,73.61477572559367
Logistic Regression,81.27962085308057,86.14959948040702,62.096774193548384,89.26174496644296,70.64220183486239,66.09442060085837,100,100,73.61477572559367
XGBoost,82.70142180094787,88.8395756657285,59.67741935483871,92.28187919463086,76.28865979381443,66.9683257918552,100,100,73.61477572559367
