{
  "accuracy": 0.5833333333333334,
  "precision": 0.5555555555555556,
  "recall": 0.8333333333333334,
  "f1": 0.6666666666666666,
  "specificity": 0.3333333333333333,
  "roc_auc": 0.8055555555555556,
  "confusion_matrix": [
    [
      2,
      4
    ],
    [
      1,
      5
    ]
  ]
}