{
  "accuracy": 0.4166666666666667,
  "precision": 0.42857142857142855,
  "recall": 0.5,
  "f1": 0.46153846153846156,
  "specificity": 0.3333333333333333,
  "roc_auc": 0.5555555555555556,
  "confusion_matrix": [
    [
      2,
      4
    ],
    [
      3,
      3
    ]
  ]
}