{
  "accuracy": 0.75,
  "precision": 0.7142857142857143,
  "recall": 0.8333333333333334,
  "f1": 0.7692307692307693,
  "specificity": 0.6666666666666666,
  "roc_auc": 0.8611111111111112,
  "confusion_matrix": [
    [
      4,
      2
    ],
    [
      1,
      5
    ]
  ]
}