{
  "accuracy": 0.4166666666666667,
  "precision": 0.3333333333333333,
  "recall": 0.16666666666666666,
  "f1": 0.2222222222222222,
  "specificity": 0.6666666666666666,
  "roc_auc": 0.4166666666666667,
  "confusion_matrix": [
    [
      4,
      2
    ],
    [
      5,
      1
    ]
  ]
}