{
  "accuracy": 0.795,
  "precision": 0.797979797979798,
  "recall": 0.79,
  "f1": 0.7939698492462312,
  "specificity": 0.8,
  "roc_auc": 0.8755000000000001,
  "confusion_matrix": [
    [
      80,
      20
    ],
    [
      21,
      79
    ]
  ]
}