{
  "accuracy": 0.8199052132701422,
  "precision": 0.7857142857142857,
  "recall": 0.532258064516129,
  "f1": 0.6346153846153846,
  "specificity": 0.9395973154362416,
  "roc_auc": 0.8353675037886988,
  "confusion_matrix": [
    [
      280,
      18
    ],
    [
      58,
      66
    ]
  ]
}