{
  "accuracy": 0.75,
  "precision": 0.8,
  "recall": 0.6666666666666666,
  "f1": 0.7272727272727273,
  "specificity": 0.8333333333333334,
  "roc_auc": 0.8402777777777778,
  "confusion_matrix": [
    [
      10,
      2
    ],
    [
      4,
      8
    ]
  ]
}