{
  "accuracy": 0.625,
  "precision": 0.6153846153846154,
  "recall": 0.6666666666666666,
  "f1": 0.64,
  "specificity": 0.5833333333333334,
  "roc_auc": 0.7118055555555556,
  "confusion_matrix": [
    [
      7,
      5
    ],
    [
      4,
      8
    ]
  ]
}