{
  "accuracy": 0.75,
  "precision": 1.0,
  "recall": 0.5,
  "f1": 0.6666666666666666,
  "specificity": 1.0,
  "roc_auc": 0.6666666666666666,
  "confusion_matrix": [
    [
      6,
      0
    ],
    [
      3,
      3
    ]
  ]
}