{
  "accuracy": 0.8507109004739336,
  "precision": 0.801980198019802,
  "recall": 0.6532258064516129,
  "f1": 0.72,
  "specificity": 0.9328859060402684,
  "roc_auc": 0.9207891318467201,
  "confusion_matrix": [
    [
      278,
      20
    ],
    [
      43,
      81
    ]
  ]
}