{
  "accuracy": 0.755,
  "precision": 0.7575757575757576,
  "recall": 0.75,
  "f1": 0.7537688442211056,
  "specificity": 0.76,
  "roc_auc": 0.84065,
  "confusion_matrix": [
    [
      76,
      24
    ],
    [
      25,
      75
    ]
  ]
}