{
  "accuracy": 0.5,
  "precision": 0.5,
  "recall": 0.3333333333333333,
  "f1": 0.4,
  "specificity": 0.6666666666666666,
  "roc_auc": 0.5833333333333334,
  "confusion_matrix": [
    [
      4,
      2
    ],
    [
      4,
      2
    ]
  ]
}