{
  "accuracy": 0.6666666666666666,
  "precision": 0.6666666666666666,
  "recall": 0.6666666666666666,
  "f1": 0.6666666666666666,
  "specificity": 0.6666666666666666,
  "roc_auc": 0.7222222222222223,
  "confusion_matrix": [
    [
      4,
      2
    ],
    [
      2,
      4
    ]
  ]
}