{
  "accuracy": 0.8080568720379147,
  "precision": 0.6972477064220184,
  "recall": 0.6129032258064516,
  "f1": 0.6523605150214592,
  "specificity": 0.889261744966443,
  "roc_auc": 0.8563812513531067,
  "confusion_matrix": [
    [
      265,
      33
    ],
    [
      48,
      76
    ]
  ]
}