{
  "accuracy": 0.6666666666666666,
  "precision": 1.0,
  "recall": 0.3333333333333333,
  "f1": 0.5,
  "specificity": 1.0,
  "roc_auc": 0.7638888888888891,
  "confusion_matrix": [
    [
      6,
      0
    ],
    [
      4,
      2
    ]
  ]
}