{
  "accuracy": 0.8056872037914692,
  "precision": 0.7058823529411765,
  "recall": 0.5806451612903226,
  "f1": 0.6371681415929203,
  "specificity": 0.8993288590604027,
  "roc_auc": 0.8640668975968825,
  "confusion_matrix": [
    [
      268,
      30
    ],
    [
      52,
      72
    ]
  ]
}