{
  "accuracy": 0.5,
  "precision": 0.5,
  "recall": 0.6666666666666666,
  "f1": 0.5714285714285714,
  "specificity": 0.3333333333333333,
  "roc_auc": 0.6666666666666666,
  "confusion_matrix": [
    [
      2,
      4
    ],
    [
      2,
      4
    ]
  ]
}