{
  "accuracy": 0.8009478672985783,
  "precision": 0.6851851851851852,
  "recall": 0.5967741935483871,
  "f1": 0.6379310344827587,
  "specificity": 0.8859060402684564,
  "roc_auc": 0.8719419787832865,
  "confusion_matrix": [
    [
      264,
      34
    ],
    [
      50,
      74
    ]
  ]
}